server,group,from,to,from_date,to_date,tools_from,tools_to,version_signal,n_changes,n_substantive,n_hold,n_hint_flips,n_hint_flips_riskier,n_hint_introduced,n_hint_withdrawn,n_capability,n_tools_added,n_tools_removed
filesystem,Official reference,2025.7.1,2025.7.29,2025-07-01,2025-07-31,12,14,calver (no semantic signal),4,4,2,0,0,0,0,2,2,0
filesystem,Official reference,2025.7.29,2025.8.18,2025-07-31,2025-08-18,14,14,calver (no semantic signal),1,1,0,0,0,0,0,0,0,0
filesystem,Official reference,2025.8.18,2025.8.21,2025-08-18,2025-08-21,14,14,calver (no semantic signal),0,0,0,0,0,0,0,0,0,0
filesystem,Official reference,2025.8.21,2025.11.25,2025-08-21,2025-11-25,14,14,calver (no semantic signal),37,26,17,0,0,14,0,1,0,0
filesystem,Official reference,2025.11.25,2025.12.18,2025-11-25,2025-12-18,14,14,calver (no semantic signal),0,0,0,0,0,0,0,0,0,0
filesystem,Official reference,2025.12.18,2026.1.14,2025-12-18,2026-01-14,14,14,calver (no semantic signal),0,0,0,0,0,0,0,0,0,0
filesystem,Official reference,2026.1.14,2026.7.4,2026-01-14,2026-07-04,14,14,calver (no semantic signal),1,1,1,1,1,0,0,0,0,0
filesystem,Official reference,2026.7.4,2026.7.10,2026-07-04,2026-07-10,14,14,calver (no semantic signal),15,15,14,0,0,14,0,0,0,0
filesystem,Official reference,2026.7.10,2026.8.31,2026-07-10,2026-08-31,14,14,calver (no semantic signal),0,0,0,0,0,0,0,0,0,0
memory,Official reference,2025.4.25,2025.8.4,2025-04-25,2025-08-04,9,9,calver (no semantic signal),0,0,0,0,0,0,0,0,0,0
memory,Official reference,2025.8.4,2025.9.24,2025-08-04,2025-09-25,9,9,calver (no semantic signal),9,0,0,0,0,0,0,0,0,0
memory,Official reference,2025.9.24,2025.9.25,2025-09-25,2025-09-25,9,9,calver (no semantic signal),0,0,0,0,0,0,0,0,0,0
memory,Official reference,2025.9.25,2025.11.25,2025-09-25,2025-11-25,9,9,calver (no semantic signal),9,0,0,0,0,0,0,0,0,0
memory,Official reference,2025.11.25,2026.1.26,2025-11-25,2026-01-27,9,9,calver (no semantic signal),0,0,0,0,0,0,0,0,0,0
memory,Official reference,2026.1.26,2026.7.4,2026-01-27,2026-07-04,9,9,calver (no semantic signal),36,36,24,0,0,24,0,0,0,0
memory,Official reference,2026.7.4,2026.8.31,2026-07-04,2026-08-31,9,9,calver (no semantic signal),0,0,0,0,0,0,0,0,0,0
everything,Official reference,2025.4.8,2025.4.28,2025-04-08,2025-04-28,8,8,calver (no semantic signal),0,0,0,0,0,0,0,0,0,0
everything,Official reference,2025.4.28,2025.7.1,2025-04-28,2025-07-01,8,8,calver (no semantic signal),0,0,0,0,0,0,0,0,0,0
everything,Official reference,2025.7.1,2025.8.4,2025-07-01,2025-08-04,8,11,calver (no semantic signal),3,3,3,0,0,0,0,3,3,0
everything,Official reference,2025.8.4,2025.9.12,2025-08-04,2025-09-15,11,10,calver (no semantic signal),1,1,0,0,0,0,0,0,0,1
everything,Official reference,2025.9.12,2025.9.24,2025-09-15,2025-09-25,10,10,calver (no semantic signal),0,0,0,0,0,0,0,0,0,0
everything,Official reference,2025.9.24,2025.11.25,2025-09-25,2025-11-25,10,11,calver (no semantic signal),1,1,1,0,0,0,0,1,1,0
everything,Official reference,2025.11.25,2026.1.14,2025-11-25,2026-01-14,11,12,calver (no semantic signal),22,22,11,0,0,0,0,11,11,10
everything,Official reference,2026.1.14,2026.7.4,2026-01-14,2026-07-04,12,13,calver (no semantic signal),57,49,43,0,0,42,0,1,1,0
everything,Official reference,2026.7.4,2026.8.31,2026-07-04,2026-08-31,13,13,calver (no semantic signal),0,0,0,0,0,0,0,0,0,0
sequential-thinking,Official reference,2025.7.1,2025.11.25,2025-07-01,2025-11-25,1,1,calver (no semantic signal),2,2,1,0,0,0,0,0,0,0
sequential-thinking,Official reference,2025.11.25,2025.12.18,2025-11-25,2025-12-18,1,1,calver (no semantic signal),1,1,0,0,0,0,0,0,0,0
sequential-thinking,Official reference,2025.12.18,2026.7.4,2025-12-18,2026-07-04,1,1,calver (no semantic signal),5,5,5,0,0,4,0,0,0,0
sequential-thinking,Official reference,2026.7.4,2026.8.31,2026-07-04,2026-08-31,1,1,calver (no semantic signal),1,1,1,0,0,0,0,0,0,0
fetch,Official reference,2025.4.7,2026.6.4,2025-04-07,2026-06-04,1,1,calver (no semantic signal),0,0,0,0,0,0,0,0,0,0
fetch,Official reference,2026.6.4,2026.7.10,2026-06-04,2026-07-10,1,1,calver (no semantic signal),0,0,0,0,0,0,0,0,0,0
fetch,Official reference,2026.7.10,2026.8.18,2026-07-10,2026-08-18,1,1,calver (no semantic signal),0,0,0,0,0,0,0,0,0,0
git,Official reference,2025.7.1,2025.9.25,2025-07-01,2025-09-25,13,12,calver (no semantic signal),2,2,1,0,0,0,0,1,0,1
git,Official reference,2025.9.25,2025.11.25,2025-09-25,2025-11-25,12,12,calver (no semantic signal),0,0,0,0,0,0,0,0,0,0
git,Official reference,2025.11.25,2025.12.18,2025-11-25,2025-12-18,12,12,calver (no semantic signal),0,0,0,0,0,0,0,0,0,0
git,Official reference,2025.12.18,2026.1.14,2025-12-18,2026-01-14,12,12,calver (no semantic signal),0,0,0,0,0,0,0,0,0,0
git,Official reference,2026.1.14,2026.6.4,2026-01-14,2026-06-04,12,12,calver (no semantic signal),48,48,39,0,0,39,0,0,0,0
git,Official reference,2026.6.4,2026.6.16,2026-06-04,2026-06-17,12,12,calver (no semantic signal),0,0,0,0,0,0,0,0,0,0
git,Official reference,2026.6.16,2026.7.10,2026-06-17,2026-07-10,12,12,calver (no semantic signal),0,0,0,0,0,0,0,0,0,0
git,Official reference,2026.7.10,2026.8.18,2026-07-10,2026-08-18,12,12,calver (no semantic signal),0,0,0,0,0,0,0,0,0,0
time,Official reference,2025.7.1,2025.8.4,2025-07-01,2025-08-04,2,2,calver (no semantic signal),0,0,0,0,0,0,0,0,0,0
time,Official reference,2025.8.4,2025.9.24,2025-08-04,2025-09-25,2,2,calver (no semantic signal),0,0,0,0,0,0,0,0,0,0
time,Official reference,2025.9.24,2025.9.25,2025-09-25,2025-09-25,2,2,calver (no semantic signal),0,0,0,0,0,0,0,0,0,0
time,Official reference,2025.9.25,2026.1.26,2025-09-25,2026-01-27,2,2,calver (no semantic signal),0,0,0,0,0,0,0,0,0,0
time,Official reference,2026.1.26,2026.6.4,2026-01-27,2026-06-04,2,2,calver (no semantic signal),9,9,8,0,0,8,0,0,0,0
time,Official reference,2026.6.4,2026.7.10,2026-06-04,2026-07-10,2,2,calver (no semantic signal),0,0,0,0,0,0,0,0,0,0
time,Official reference,2026.7.10,2026.8.18,2026-07-10,2026-08-18,2,2,calver (no semantic signal),0,0,0,0,0,0,0,0,0,0
azure,Data and cloud,0.0.8,0.0.16,2025-04-16,2025-05-13,23,51,patch,42,28,28,0,0,0,0,28,28,0
azure,Data and cloud,0.0.16,0.1.2,2025-05-13,2025-06-03,51,54,minor on 0.x (breaking by convention),60,60,53,0,0,0,0,9,5,2
azure,Data and cloud,0.1.2,0.3.0,2025-06-03,2025-07-03,54,65,minor on 0.x (breaking by convention),231,229,107,0,0,94,0,12,12,1
azure,Data and cloud,0.3.0,0.5.3,2025-07-03,2025-08-06,65,29,minor on 0.x (breaking by convention),94,94,29,0,0,0,0,29,29,65
azure,Data and cloud,0.5.3,0.5.11,2025-08-06,2025-09-03,29,37,patch,12,12,8,0,0,0,0,8,8,0
azure,Data and cloud,0.5.11,0.8.3,2025-09-03,2025-09-30,37,42,minor on 0.x (breaking by convention),16,15,10,2,0,0,0,8,8,3
azure,Data and cloud,0.8.3,0.9.4,2025-09-30,2025-10-18,42,47,minor on 0.x (breaking by convention),15,15,8,0,0,0,0,8,8,3
azure,Data and cloud,0.9.4,1.0.2,2025-10-18,2026-03-06,47,47,major,2,2,0,0,0,0,0,0,0,0
azure,Data and cloud,1.0.2,2.0.5,2026-03-06,2026-07-10,47,61,major,35,35,20,0,0,0,0,15,15,1
supabase,Data and cloud,0.1.2,0.3.2,2025-04-02,2025-04-08,23,24,minor on 0.x (breaking by convention),8,8,5,0,0,0,0,4,2,1
supabase,Data and cloud,0.3.2,0.4.0,2025-04-08,2025-04-25,24,26,minor on 0.x (breaking by convention),6,6,3,0,0,0,0,2,2,0
supabase,Data and cloud,0.4.0,0.4.4,2025-04-25,2025-06-18,26,28,patch,3,3,2,0,0,0,0,2,2,0
supabase,Data and cloud,0.4.4,0.5.2,2025-06-18,2025-09-03,28,28,minor on 0.x (breaking by convention),1,1,1,0,0,0,0,0,0,0
supabase,Data and cloud,0.5.2,0.5.7,2025-09-03,2025-10-20,28,29,patch,114,114,82,0,0,81,0,1,1,0
supabase,Data and cloud,0.5.7,0.6.0,2025-10-20,2026-01-06,29,29,minor on 0.x (breaking by convention),6,6,4,0,0,0,0,2,1,1
supabase,Data and cloud,0.6.0,0.7.0,2026-01-06,2026-03-02,29,29,minor on 0.x (breaking by convention),3,3,1,0,0,0,0,1,0,0
supabase,Data and cloud,0.7.0,0.9.0,2026-03-02,2026-07-17,29,29,minor on 0.x (breaking by convention),2,2,1,0,0,0,0,1,0,0
supabase,Data and cloud,0.9.0,0.13.0,2026-07-17,2026-09-17,29,29,minor on 0.x (breaking by convention),4,4,1,0,0,0,0,1,1,1
kubernetes,Data and cloud,1.2.0,2.0.0,2025-04-02,2025-05-21,30,20,major,36,36,14,0,0,0,0,12,12,22
kubernetes,Data and cloud,2.0.0,2.4.2,2025-05-21,2025-06-20,20,20,minor,6,6,6,0,0,0,0,0,0,0
kubernetes,Data and cloud,2.4.2,2.6.0,2025-06-20,2025-07-29,20,21,minor,3,3,2,0,0,0,0,2,2,1
kubernetes,Data and cloud,2.6.0,2.9.6,2025-07-29,2025-09-22,21,22,minor,31,31,24,0,0,7,0,17,1,0
kubernetes,Data and cloud,2.9.6,3.1.0,2025-09-22,2026-01-07,22,22,major,9,9,0,0,0,0,0,0,0,0
kubernetes,Data and cloud,3.1.0,3.6.1,2026-01-07,2026-05-14,22,23,minor,3,3,3,0,0,0,0,1,1,0
kubernetes,Data and cloud,3.6.1,4.0.1,2026-05-14,2026-07-08,23,23,major,1,1,1,0,0,0,0,1,0,0
kubernetes,Data and cloud,4.0.1,4.1.0,2026-07-08,2026-07-26,23,23,minor,5,5,1,0,0,0,0,1,0,0
kubernetes,Data and cloud,4.1.0,4.1.9,2026-07-26,2026-10-02,23,23,patch,1,1,0,0,0,0,0,0,0,0
notion,Work and business,1.0.0,1.2.0,2025-04-03,2025-04-08,19,19,minor,19,19,19,0,0,0,0,0,0,0
notion,Work and business,1.2.0,1.5.0,2025-04-08,2025-04-11,19,19,minor,4,4,2,0,0,0,0,2,0,0
notion,Work and business,1.5.0,1.7.0,2025-04-11,2025-05-11,19,19,minor,6,6,5,0,0,0,0,0,0,0
notion,Work and business,1.7.0,1.8.1,2025-05-11,2025-05-19,19,19,minor,0,0,0,0,0,0,0,0,0,0
notion,Work and business,1.8.1,2.0.0,2025-05-19,2025-12-24,19,21,major,40,40,21,0,0,0,0,20,6,4
notion,Work and business,2.0.0,2.2.0,2025-12-24,2026-02-23,21,22,minor,43,43,32,0,0,10,0,1,1,0
notion,Work and business,2.2.0,2.3.1,2026-02-23,2026-06-17,22,24,minor,24,24,3,0,0,0,0,2,2,0
notion,Work and business,2.3.1,2.5.0,2026-06-17,2026-07-24,24,24,minor,0,0,0,0,0,0,0,0,0,0
notion,Work and business,2.5.0,2.5.2,2026-07-24,2026-09-20,24,24,patch,0,0,0,0,0,0,0,0,0,0
hubspot,Work and business,0.1.0,0.2.0,2025-04-25,2025-04-30,17,19,minor on 0.x (breaking by convention),31,31,3,0,0,0,0,3,3,1
hubspot,Work and business,0.2.0,0.3.0,2025-04-30,2025-05-05,19,21,minor on 0.x (breaking by convention),2,2,2,0,0,0,0,2,2,0
hubspot,Work and business,0.3.0,0.3.1,2025-05-05,2025-05-05,21,21,patch,0,0,0,0,0,0,0,0,0,0
hubspot,Work and business,0.3.1,0.3.2,2025-05-05,2025-05-06,21,21,patch,0,0,0,0,0,0,0,0,0,0
hubspot,Work and business,0.3.2,0.3.3,2025-05-06,2025-05-12,21,21,patch,2,2,1,0,0,0,0,0,0,0
hubspot,Work and business,0.3.3,0.4.0,2025-05-12,2025-06-18,21,21,minor on 0.x (breaking by convention),2,2,1,0,0,0,0,1,1,1
stripe,Work and business,0.2.0,0.2.1,2025-04-03,2025-04-09,17,19,patch,2,2,2,0,0,0,0,2,2,0
stripe,Work and business,0.2.1,0.2.2,2025-04-09,2025-05-08,19,20,patch,6,4,2,0,0,0,0,2,2,1
stripe,Work and business,0.2.2,0.2.3,2025-05-08,2025-06-05,20,21,patch,2,2,1,0,0,0,0,1,1,0
stripe,Work and business,0.2.3,0.2.4,2025-06-05,2025-08-13,21,22,patch,87,87,42,0,0,40,0,2,1,0
stripe,Work and business,0.2.4,0.2.5,2025-08-13,2025-10-29,22,22,patch,0,0,0,0,0,0,0,0,0,0
figma,Work and business,0.1.13,0.1.17,2025-04-02,2025-04-19,2,2,patch,0,0,0,0,0,0,0,0,0,0
figma,Work and business,0.1.17,0.2.2,2025-04-19,2025-05-06,2,2,minor on 0.x (breaking by convention),0,0,0,0,0,0,0,0,0,0
figma,Work and business,0.2.2,0.4.1,2025-05-06,2025-06-06,2,2,minor on 0.x (breaking by convention),2,2,1,0,0,0,0,1,0,0
figma,Work and business,0.4.1,0.5.1,2025-06-06,2025-08-13,2,2,minor on 0.x (breaking by convention),3,3,0,0,0,0,0,0,0,0
figma,Work and business,0.5.1,0.6.1,2025-08-13,2025-09-23,2,2,minor on 0.x (breaking by convention),1,1,1,0,0,0,0,0,0,0
figma,Work and business,0.6.1,0.6.6,2025-09-23,2026-03-04,2,2,patch,4,4,3,0,0,1,0,0,0,0
figma,Work and business,0.6.6,0.8.1,2026-03-04,2026-04-07,2,2,minor on 0.x (breaking by convention),2,2,1,0,0,0,0,0,0,0
figma,Work and business,0.8.1,0.11.0,2026-04-07,2026-04-20,2,2,minor on 0.x (breaking by convention),1,1,0,0,0,0,0,0,0,0
figma,Work and business,0.11.0,0.13.2,2026-04-20,2026-06-18,2,2,minor on 0.x (breaking by convention),1,1,0,0,0,0,0,0,0,0
sentry,Work and business,0.4.0,0.8.0,2025-05-02,2025-05-22,16,16,minor on 0.x (breaking by convention),19,19,16,0,0,0,0,15,2,2
sentry,Work and business,0.8.0,0.13.0,2025-05-22,2025-07-08,16,20,minor on 0.x (breaking by convention),36,36,19,0,0,0,0,16,16,12
sentry,Work and business,0.13.0,0.17.1,2025-07-08,2025-07-24,20,18,minor on 0.x (breaking by convention),13,13,2,0,0,0,0,2,2,4
sentry,Work and business,0.17.1,0.23.0,2025-07-24,2025-11-20,18,19,minor on 0.x (breaking by convention),72,67,35,0,0,18,0,4,1,0
sentry,Work and business,0.23.0,0.27.0,2025-11-20,2026-01-19,19,21,minor on 0.x (breaking by convention),7,6,4,0,0,0,0,4,4,2
sentry,Work and business,0.27.0,0.32.0,2026-01-19,2026-04-14,21,22,minor on 0.x (breaking by convention),9,9,3,0,0,0,0,3,3,2
sentry,Work and business,0.32.0,0.37.0,2026-04-14,2026-07-02,22,9,minor on 0.x (breaking by convention),27,27,7,1,1,0,0,5,4,17
sentry,Work and business,0.37.0,0.42.0,2026-07-02,2026-09-25,9,9,minor on 0.x (breaking by convention),19,18,11,0,0,6,0,0,0,0
heroku,Work and business,0.0.1,1.0.1,2025-04-07,2025-04-16,33,34,major,3,3,2,0,0,0,0,1,1,0
heroku,Work and business,1.0.1,1.0.3,2025-04-16,2025-04-28,34,34,patch,68,68,0,0,0,0,0,0,0,0
heroku,Work and business,1.0.3,1.0.6,2025-04-28,2025-05-22,34,37,patch,3,3,3,0,0,0,0,3,3,0
heroku,Work and business,1.0.6,1.1.0,2025-05-22,2025-12-08,37,36,minor,2,1,0,0,0,0,0,0,0,1
heroku,Work and business,1.1.0,1.2.1,2025-12-08,2026-03-17,36,33,minor,3,3,0,0,0,0,0,0,0,3
heroku,Work and business,1.2.1,1.2.3,2026-03-17,2026-06-08,33,33,patch,1,1,1,0,0,0,0,0,0,0
playwright,Agents and browsing,0.0.9,0.0.19,2025-04-01,2025-05-03,15,25,patch,20,20,16,0,0,0,0,16,14,4
playwright,Agents and browsing,0.0.19,0.0.28,2025-05-03,2025-06-01,25,25,patch,76,76,31,0,0,28,0,3,1,1
playwright,Agents and browsing,0.0.28,0.0.36,2025-06-01,2025-08-31,25,21,patch,13,13,5,0,0,0,0,5,3,7
playwright,Agents and browsing,0.0.36,0.0.43,2025-08-31,2025-10-16,21,21,patch,12,12,11,8,8,0,0,2,0,0
playwright,Agents and browsing,0.0.43,0.0.51,2025-10-16,2025-12-08,21,22,patch,4,4,3,0,0,0,0,3,1,0
playwright,Agents and browsing,0.0.51,0.0.58,2025-12-08,2026-01-24,22,22,patch,23,10,8,0,0,0,0,3,0,0
playwright,Agents and browsing,0.0.58,0.0.68,2026-01-24,2026-02-14,22,22,patch,0,0,0,0,0,0,0,0,0,0
playwright,Agents and browsing,0.0.68,0.0.75,2026-02-14,2026-05-07,22,23,patch,26,26,15,0,0,0,0,14,3,2
playwright,Agents and browsing,0.0.75,0.0.83,2026-05-07,2026-09-28,23,25,patch,10,10,3,0,0,0,0,3,2,0
firecrawl,Agents and browsing,1.8.0,3.0.1,2025-04-19,2025-09-11,8,6,major,18,18,4,0,0,0,0,4,0,2
firecrawl,Agents and browsing,3.0.1,3.2.0,2025-09-11,2025-09-16,6,6,minor,6,6,0,0,0,0,0,0,0,0
firecrawl,Agents and browsing,3.2.0,3.6.0,2025-09-16,2025-11-06,6,6,minor,6,4,3,0,0,0,0,1,0,0
firecrawl,Agents and browsing,3.6.0,3.10.3,2025-11-06,2026-03-03,6,12,minor,12,12,9,0,0,0,0,9,6,0
firecrawl,Agents and browsing,3.10.3,3.20.2,2026-03-03,2026-06-01,12,20,minor,40,40,24,0,0,9,0,14,12,4
firecrawl,Agents and browsing,3.20.2,3.22.2,2026-06-01,2026-06-30,20,26,minor,27,27,22,0,0,14,0,8,6,0
firecrawl,Agents and browsing,3.22.2,3.23.9,2026-06-30,2026-08-11,26,27,minor,53,33,6,0,0,0,0,2,1,0
firecrawl,Agents and browsing,3.23.9,3.27.3,2026-08-11,2026-10-02,27,27,minor,17,17,6,0,0,0,0,6,2,2
browserbase,Agents and browsing,2.0.0,2.0.1,2025-07-28,2025-08-20,14,17,patch,3,3,3,0,0,0,0,3,3,0
browserbase,Agents and browsing,2.0.1,2.1.0,2025-08-20,2025-09-09,17,17,minor,0,0,0,0,0,0,0,0,0,0
browserbase,Agents and browsing,2.1.0,2.1.1,2025-09-09,2025-09-12,17,17,patch,0,0,0,0,0,0,0,0,0,0
browserbase,Agents and browsing,2.1.1,2.1.2,2025-09-12,2025-09-25,17,17,patch,0,0,0,0,0,0,0,0,0,0
browserbase,Agents and browsing,2.1.2,2.2.0,2025-09-25,2025-10-16,17,8,minor,20,20,0,0,0,0,0,0,0,9
browserbase,Agents and browsing,2.2.0,2.3.0,2025-10-16,2025-11-10,8,8,minor,1,1,0,0,0,0,0,0,0,0
browserbase,Agents and browsing,2.3.0,2.4.0,2025-11-10,2025-11-11,8,9,minor,1,1,1,0,0,0,0,1,1,0
browserbase,Agents and browsing,2.4.0,2.4.1,2025-11-11,2025-11-17,9,9,patch,0,0,0,0,0,0,0,0,0,0
browserbase,Agents and browsing,2.4.1,2.4.3,2025-11-17,2026-01-23,9,9,patch,2,0,0,0,0,0,0,0,0,0
context7,Agents and browsing,0.0.1,1.0.6,2025-04-08,2025-04-23,2,2,major,4,4,2,0,0,0,0,2,2,2
context7,Agents and browsing,1.0.6,1.0.14,2025-04-23,2025-06-13,2,2,patch,3,3,0,0,0,0,0,0,0,0
context7,Agents and browsing,1.0.14,1.0.22,2025-06-13,2025-10-22,2,2,patch,1,1,0,0,0,0,0,0,0,0
context7,Agents and browsing,1.0.22,1.0.30,2025-10-22,2025-11-24,2,2,patch,4,4,1,0,0,0,0,1,0,0
context7,Agents and browsing,1.0.30,2.1.0,2025-11-24,2026-01-08,2,2,major,5,5,3,0,0,1,0,2,1,1
context7,Agents and browsing,2.1.0,2.2.0,2026-01-08,2026-04-24,2,2,minor,4,4,1,0,0,0,0,1,0,0
context7,Agents and browsing,2.2.0,3.1.0,2026-04-24,2026-06-01,2,2,major,8,8,4,0,0,4,0,0,0,0
context7,Agents and browsing,3.1.0,4.0.1,2026-06-01,2026-08-11,2,2,major,2,2,0,0,0,0,0,0,0,0
context7,Agents and browsing,4.0.1,4.1.1,2026-08-11,2026-09-14,2,2,minor,0,0,0,0,0,0,0,0,0,0
