server,group,version,date,status,class,riskier_flip
filesystem,Official reference,2025.7.1,2025-07-01,ok,baseline,0
filesystem,Official reference,2025.7.29,2025-07-31,ok,hold,0
filesystem,Official reference,2025.8.18,2025-08-18,ok,log,0
filesystem,Official reference,2025.8.21,2025-08-21,ok,none,0
filesystem,Official reference,2025.11.25,2025-11-25,ok,hold,0
filesystem,Official reference,2025.12.18,2025-12-18,ok,none,0
filesystem,Official reference,2026.1.14,2026-01-14,ok,none,0
filesystem,Official reference,2026.7.4,2026-07-04,ok,hold,1
filesystem,Official reference,2026.7.10,2026-07-10,ok,hold,0
filesystem,Official reference,2026.8.31,2026-08-31,ok,none,0
memory,Official reference,2025.4.25,2025-04-25,ok,baseline,0
memory,Official reference,2025.8.4,2025-08-04,ok,none,0
memory,Official reference,2025.9.24,2025-09-25,ok,noise,0
memory,Official reference,2025.9.25,2025-09-25,ok,none,0
memory,Official reference,2025.11.25,2025-11-25,ok,noise,0
memory,Official reference,2026.1.26,2026-01-27,ok,none,0
memory,Official reference,2026.7.4,2026-07-04,ok,hold,0
memory,Official reference,2026.8.31,2026-08-31,ok,none,0
everything,Official reference,2025.4.8,2025-04-08,ok,baseline,0
everything,Official reference,2025.4.28,2025-04-28,ok,none,0
everything,Official reference,2025.7.1,2025-07-01,ok,none,0
everything,Official reference,2025.8.4,2025-08-04,ok,hold,0
everything,Official reference,2025.9.12,2025-09-15,ok,log,0
everything,Official reference,2025.9.24,2025-09-25,ok,none,0
everything,Official reference,2025.11.25,2025-11-25,ok,hold,0
everything,Official reference,2026.1.14,2026-01-14,ok,hold,0
everything,Official reference,2026.7.4,2026-07-04,ok,hold,0
everything,Official reference,2026.8.31,2026-08-31,ok,none,0
sequential-thinking,Official reference,2025.7.1,2025-07-01,ok,baseline,0
sequential-thinking,Official reference,2025.11.25,2025-11-25,ok,hold,0
sequential-thinking,Official reference,2025.12.18,2025-12-18,ok,log,0
sequential-thinking,Official reference,2026.7.4,2026-07-04,ok,hold,0
sequential-thinking,Official reference,2026.8.31,2026-08-31,ok,hold,0
fetch,Official reference,2025.4.7,2025-04-07,ok,baseline,0
fetch,Official reference,2026.6.4,2026-06-04,ok,none,0
fetch,Official reference,2026.7.10,2026-07-10,ok,none,0
fetch,Official reference,2026.8.18,2026-08-18,ok,none,0
git,Official reference,2025.7.1,2025-07-01,ok,baseline,0
git,Official reference,2025.9.25,2025-09-25,ok,hold,0
git,Official reference,2025.11.25,2025-11-25,ok,none,0
git,Official reference,2025.12.18,2025-12-18,ok,none,0
git,Official reference,2026.1.14,2026-01-14,ok,none,0
git,Official reference,2026.6.4,2026-06-04,ok,hold,0
git,Official reference,2026.6.16,2026-06-17,ok,none,0
git,Official reference,2026.7.10,2026-07-10,ok,none,0
git,Official reference,2026.8.18,2026-08-18,ok,none,0
time,Official reference,2025.7.1,2025-07-01,ok,baseline,0
time,Official reference,2025.8.4,2025-08-04,ok,none,0
time,Official reference,2025.9.24,2025-09-25,ok,none,0
time,Official reference,2025.9.25,2025-09-25,ok,none,0
time,Official reference,2026.1.26,2026-01-27,ok,none,0
time,Official reference,2026.6.4,2026-06-04,ok,hold,0
time,Official reference,2026.7.10,2026-07-10,ok,none,0
time,Official reference,2026.8.18,2026-08-18,ok,none,0
azure,Data and cloud,0.0.8,2025-04-16,ok,baseline,0
azure,Data and cloud,0.0.16,2025-05-13,ok,hold,0
azure,Data and cloud,0.1.2,2025-06-03,ok,hold,0
azure,Data and cloud,0.3.0,2025-07-03,ok,hold,0
azure,Data and cloud,0.5.3,2025-08-06,ok,hold,0
azure,Data and cloud,0.5.11,2025-09-03,ok,hold,0
azure,Data and cloud,0.8.3,2025-09-30,ok,hold,0
azure,Data and cloud,0.9.4,2025-10-18,ok,hold,0
azure,Data and cloud,1.0.2,2026-03-06,ok,log,0
azure,Data and cloud,2.0.5,2026-07-10,ok,hold,0
supabase,Data and cloud,0.1.2,2025-04-02,ok,baseline,0
supabase,Data and cloud,0.3.2,2025-04-08,ok,hold,0
supabase,Data and cloud,0.4.0,2025-04-25,ok,hold,0
supabase,Data and cloud,0.4.4,2025-06-18,ok,hold,0
supabase,Data and cloud,0.5.2,2025-09-03,ok,hold,0
supabase,Data and cloud,0.5.7,2025-10-20,ok,hold,0
supabase,Data and cloud,0.6.0,2026-01-06,ok,hold,0
supabase,Data and cloud,0.7.0,2026-03-02,ok,hold,0
supabase,Data and cloud,0.9.0,2026-07-17,ok,hold,0
supabase,Data and cloud,0.13.0,2026-09-17,ok,hold,0
kubernetes,Data and cloud,1.2.0,2025-04-02,ok,baseline,0
kubernetes,Data and cloud,2.0.0,2025-05-21,ok,hold,0
kubernetes,Data and cloud,2.4.2,2025-06-20,ok,hold,0
kubernetes,Data and cloud,2.6.0,2025-07-29,ok,hold,0
kubernetes,Data and cloud,2.9.6,2025-09-22,ok,hold,0
kubernetes,Data and cloud,3.1.0,2026-01-07,ok,log,0
kubernetes,Data and cloud,3.6.1,2026-05-14,ok,hold,0
kubernetes,Data and cloud,4.0.1,2026-07-08,ok,hold,0
kubernetes,Data and cloud,4.1.0,2026-07-26,ok,hold,0
kubernetes,Data and cloud,4.1.9,2026-10-02,ok,log,0
notion,Work and business,1.0.0,2025-04-03,ok,baseline,0
notion,Work and business,1.2.0,2025-04-08,ok,hold,0
notion,Work and business,1.5.0,2025-04-11,ok,hold,0
notion,Work and business,1.7.0,2025-05-11,ok,hold,0
notion,Work and business,1.8.1,2025-05-19,ok,none,0
notion,Work and business,2.0.0,2025-12-24,ok,hold,0
notion,Work and business,2.2.0,2026-02-23,ok,hold,0
notion,Work and business,2.3.1,2026-06-17,ok,hold,0
notion,Work and business,2.5.0,2026-07-24,ok,none,0
notion,Work and business,2.5.2,2026-09-20,ok,none,0
hubspot,Work and business,0.1.0,2025-04-25,ok,baseline,0
hubspot,Work and business,0.2.0,2025-04-30,ok,hold,0
hubspot,Work and business,0.3.0,2025-05-05,ok,hold,0
hubspot,Work and business,0.3.1,2025-05-05,ok,none,0
hubspot,Work and business,0.3.2,2025-05-06,ok,none,0
hubspot,Work and business,0.3.3,2025-05-12,ok,hold,0
hubspot,Work and business,0.4.0,2025-06-18,ok,hold,0
stripe,Work and business,0.2.0,2025-04-03,ok,baseline,0
stripe,Work and business,0.2.1,2025-04-09,ok,hold,0
stripe,Work and business,0.2.2,2025-05-08,ok,hold,0
stripe,Work and business,0.2.3,2025-06-05,ok,hold,0
stripe,Work and business,0.2.4,2025-08-13,ok,hold,0
stripe,Work and business,0.2.5,2025-10-29,ok,none,0
stripe,Work and business,0.3.0,2026-02-12,failed,,
stripe,Work and business,0.3.1,2026-02-12,failed,,
stripe,Work and business,0.3.2,2026-03-23,failed,,
stripe,Work and business,0.3.3,2026-03-24,failed,,
figma,Work and business,0.1.13,2025-04-02,ok,baseline,0
figma,Work and business,0.1.17,2025-04-19,ok,none,0
figma,Work and business,0.2.2,2025-05-06,ok,none,0
figma,Work and business,0.4.1,2025-06-06,ok,hold,0
figma,Work and business,0.5.1,2025-08-13,ok,log,0
figma,Work and business,0.6.1,2025-09-23,ok,hold,0
figma,Work and business,0.6.6,2026-03-04,ok,hold,0
figma,Work and business,0.8.1,2026-04-07,ok,hold,0
figma,Work and business,0.11.0,2026-04-20,ok,log,0
figma,Work and business,0.13.2,2026-06-18,ok,log,0
sentry,Work and business,0.2.0,2025-04-24,failed,,
sentry,Work and business,0.4.0,2025-05-02,ok,baseline,0
sentry,Work and business,0.8.0,2025-05-22,ok,hold,0
sentry,Work and business,0.13.0,2025-07-08,ok,hold,0
sentry,Work and business,0.17.1,2025-07-24,ok,hold,0
sentry,Work and business,0.23.0,2025-11-20,ok,hold,0
sentry,Work and business,0.27.0,2026-01-19,ok,hold,0
sentry,Work and business,0.32.0,2026-04-14,ok,hold,0
sentry,Work and business,0.37.0,2026-07-02,ok,hold,1
sentry,Work and business,0.42.0,2026-09-25,ok,hold,0
heroku,Work and business,0.0.1,2025-04-07,ok,baseline,0
heroku,Work and business,1.0.1,2025-04-16,ok,hold,0
heroku,Work and business,1.0.3,2025-04-28,ok,log,0
heroku,Work and business,1.0.6,2025-05-22,ok,hold,0
heroku,Work and business,1.1.0,2025-12-08,ok,log,0
heroku,Work and business,1.2.1,2026-03-17,ok,log,0
heroku,Work and business,1.2.3,2026-06-08,ok,hold,0
heroku,Work and business,1.2.6,2026-08-11,failed,,
heroku,Work and business,1.2.8,2026-09-22,failed,,
heroku,Work and business,1.2.10,2026-10-01,failed,,
playwright,Agents and browsing,0.0.9,2025-04-01,ok,baseline,0
playwright,Agents and browsing,0.0.19,2025-05-03,ok,hold,0
playwright,Agents and browsing,0.0.28,2025-06-01,ok,hold,0
playwright,Agents and browsing,0.0.36,2025-08-31,ok,hold,0
playwright,Agents and browsing,0.0.43,2025-10-16,ok,hold,1
playwright,Agents and browsing,0.0.51,2025-12-08,ok,hold,0
playwright,Agents and browsing,0.0.58,2026-01-24,ok,hold,0
playwright,Agents and browsing,0.0.68,2026-02-14,ok,none,0
playwright,Agents and browsing,0.0.75,2026-05-07,ok,hold,0
playwright,Agents and browsing,0.0.83,2026-09-28,ok,hold,0
firecrawl,Agents and browsing,1.8.0,2025-04-19,ok,baseline,0
firecrawl,Agents and browsing,3.0.1,2025-09-11,ok,hold,0
firecrawl,Agents and browsing,3.1.2,2025-09-12,failed,,
firecrawl,Agents and browsing,3.2.0,2025-09-16,ok,log,0
firecrawl,Agents and browsing,3.6.0,2025-11-06,ok,hold,0
firecrawl,Agents and browsing,3.10.3,2026-03-03,ok,hold,0
firecrawl,Agents and browsing,3.20.2,2026-06-01,ok,hold,0
firecrawl,Agents and browsing,3.22.2,2026-06-30,ok,hold,0
firecrawl,Agents and browsing,3.23.9,2026-08-11,ok,hold,0
firecrawl,Agents and browsing,3.27.3,2026-10-02,ok,hold,0
browserbase,Agents and browsing,2.0.0,2025-07-28,ok,baseline,0
browserbase,Agents and browsing,2.0.1,2025-08-20,ok,hold,0
browserbase,Agents and browsing,2.1.0,2025-09-09,ok,none,0
browserbase,Agents and browsing,2.1.1,2025-09-12,ok,none,0
browserbase,Agents and browsing,2.1.2,2025-09-25,ok,none,0
browserbase,Agents and browsing,2.2.0,2025-10-16,ok,log,0
browserbase,Agents and browsing,2.3.0,2025-11-10,ok,log,0
browserbase,Agents and browsing,2.4.0,2025-11-11,ok,hold,0
browserbase,Agents and browsing,2.4.1,2025-11-17,ok,none,0
browserbase,Agents and browsing,2.4.3,2026-01-23,ok,noise,0
context7,Agents and browsing,0.0.1,2025-04-08,ok,baseline,0
context7,Agents and browsing,1.0.6,2025-04-23,ok,hold,0
context7,Agents and browsing,1.0.14,2025-06-13,ok,log,0
context7,Agents and browsing,1.0.22,2025-10-22,ok,log,0
context7,Agents and browsing,1.0.30,2025-11-24,ok,hold,0
context7,Agents and browsing,2.1.0,2026-01-08,ok,hold,0
context7,Agents and browsing,2.2.0,2026-04-24,ok,hold,0
context7,Agents and browsing,3.1.0,2026-06-01,ok,hold,0
context7,Agents and browsing,4.0.1,2026-08-11,ok,log,0
context7,Agents and browsing,4.1.1,2026-09-14,ok,none,0
